Date,Name,Year,Letterboxd URI,Rating,Rewatch,Tags,Watched Date
2025-01-07,Still Alice,2014,https://boxd.it/8mjNrF,4,,,2025-01-01
2025-01-07,A Family Affair,2024,https://boxd.it/8mjOW5,2,,,2025-01-01
2025-01-07,Memento,2000,https://boxd.it/8mjTyH,3.5,,,2025-01-06
2025-01-07,The Notebook,2004,https://boxd.it/8mk0tJ,3,,,2025-01-07
2025-01-07,City of Angels,1998,https://boxd.it/8mk8hr,4,,,2025-01-07
2025-01-07,Donnie Brasco,1997,https://boxd.it/8mk94N,3.5,,,2025-01-07
2025-01-18,Erin Brockovich,2000,https://boxd.it/8weG8V,2.5,,,2025-01-13
2025-04-01,Mona Lisa Smile,2003,https://boxd.it/9i4QYf,3,,,2025-02-04
2025-04-01,It Could Happen to You,1994,https://boxd.it/9i4PYD,3,,,2025-03-04
2025-04-01,Anora,2024,https://boxd.it/9i4Not,1.5,,,2025-04-01
2025-04-01,Kinds of Kindness,2024,https://boxd.it/9i4OgP,3.5,,,2025-04-01
2025-04-01,Mufasa: The Lion King,2024,https://boxd.it/9i4S6f,4,,,2025-04-01
2025-04-19,Sea of Love,1989,https://boxd.it/9rTbmR,3,,,2025-04-14
2025-05-28,Final Destination,2000,https://boxd.it/9P9Sbh,3.5,,,2025-05-15
2025-05-28,Final Destination 2,2003,https://boxd.it/9P9TCX,2.5,,,2025-05-15
2025-05-28,Final Destination 3,2006,https://boxd.it/9P9XaN,2,,,2025-05-25
2025-05-28,Mission: Impossible – The Final Reckoning,2025,https://boxd.it/9Pa1KF,3,,,2025-05-25
2025-05-28,A Complete Unknown,2024,https://boxd.it/9P9Qph,4,,,2025-05-26
2025-05-28,Midnight in Paris,2011,https://boxd.it/9PgZ3D,4.5,,,2025-05-28
2025-06-01,Silver Linings Playbook,2012,https://boxd.it/9RCnd3,2,,,2025-06-01
2025-06-04,Lilo & Stitch,2025,https://boxd.it/9TmulJ,4.5,,,2025-06-03
2025-06-09,Wicked Little Letters,2023,https://boxd.it/9WFDXx,4,,,2025-06-08
2025-06-10,Shampoo,1975,https://boxd.it/9XlNpp,3,,,2025-06-10
2025-06-11,School of Rock,2003,https://boxd.it/9XSP1P,4,,,2025-06-11
2025-06-13,The Quiet Man,1952,https://boxd.it/9Z0Ppd,4.5,,,2025-06-13
2025-06-19,Materialists,2025,https://boxd.it/a2Tdq5,2,,,2025-06-16
2025-06-19,Eraserhead,1977,https://boxd.it/a2TaSZ,3,,,2025-06-19
2025-06-24,The Grand Budapest Hotel,2014,https://boxd.it/a6lPm9,4,,,2025-06-22
2025-06-24,Escape from New York,1981,https://boxd.it/a6lQ2T,2,,,2025-06-24
2025-06-25,The Giver,2014,https://boxd.it/a6IIAT,4,Yes,,2025-06-24
2025-06-29,Knives Out,2019,https://boxd.it/a9nEHh,3.5,,,2025-06-28
2025-07-07,An Affair to Remember,1957,https://boxd.it/af1SpL,4,,,2025-07-07
2025-12-04,F1,2025,https://boxd.it/bVE5OV,4,,,2025-07-07
2025-07-11,When Harry Met Sally...,1989,https://boxd.it/ahQCch,3.5,Yes,,2025-07-09
2025-07-13,Sleepless in Seattle,1993,https://boxd.it/ajcQFl,4,,,2025-07-13
2025-07-21,The Grandmother,1970,https://boxd.it/apDmFN,3,,,2025-07-20
2025-07-21,Palm Springs,2020,https://boxd.it/apDjvZ,4,,,2025-07-21
2025-09-16,My Oxford Year,2025,https://boxd.it/b58A7r,3.5,,,2025-08-12
2025-12-04,Saiyaara,2025,https://boxd.it/bVE2TD,4,,,2025-09-14
2025-09-16,How to Train Your Dragon,2010,https://boxd.it/b58xcN,5,,,2025-09-15
2025-10-22,27 Dresses,2008,https://boxd.it/brJwVf,3,,,2025-10-11
2025-10-22,War 2,2025,https://boxd.it/brJtwV,3,,,2025-10-18
2025-10-22,We Live in Time,2024,https://boxd.it/brJqPF,2.5,,,2025-10-20
2025-10-23,Begin Again,2013,https://boxd.it/bsn3lx,3,,,2025-10-23
2025-10-26,Say Anything...,1989,https://boxd.it/bupfm5,3,,,2025-10-26
2025-12-04,Chennai Express,2013,https://boxd.it/bVE91N,4,Yes,,2025-11-02
2025-11-09,Frankenstein,2025,https://boxd.it/bE8hHv,5,,,2025-11-09
2025-11-20,The Princess Bride,1987,https://boxd.it/bLOKjT,3,,,2025-11-20
2025-11-29,The Dictator,2012,https://boxd.it/bRGO6H,4,,,2025-11-28
2025-12-04,Frances Ha,2012,https://boxd.it/bVEtvD,4,,,2025-11-28
2025-12-04,Borat Subsequent Moviefilm: Delivery of Prodigious Bribe to American Regime for Make Benefit Once Glorious Nation of Kazakhstan,2020,https://boxd.it/bVDXTj,3,,,2025-11-30
2025-12-30,Love Actually,2003,https://boxd.it/cj94U3,3,,,2025-12-16
2026-01-01,It's a Wonderful Life,1946,https://boxd.it/cmdM2J,4,,,2025-12-31
2026-01-18,Drive Me Crazy,1999,https://boxd.it/cGLSop,3,,,2026-01-17
2026-01-20,The Proposal,2009,https://boxd.it/cIWBdJ,4,,,2026-01-18
2026-01-25,How to Train Your Dragon: The Hidden World,2019,https://boxd.it/cOdoU5,4,,,2026-01-25
2026-01-25,How to Train Your Dragon: Homecoming,2019,https://boxd.it/cOdpy5,4,,,2026-01-25
2026-01-25,How to Train Your Dragon 2,2027,https://boxd.it/cOdqz9,5,,,2026-01-25
2026-01-25,The Girlfriend,2025,https://boxd.it/cOdzQt,4,,,2026-01-25
2026-02-10,Dhurandhar,2025,https://boxd.it/d45Mrp,4,,,2026-02-03
2026-02-10,Baby Reindeer,2024,https://boxd.it/d45HwJ,4,,,2026-02-07
2026-02-18,Jeffrey Epstein: Filthy Rich,2020,https://boxd.it/dbviSP,3,,,2026-02-10
2026-02-12,The Sweetest Thing,2002,https://boxd.it/d5lAAb,4,,,2026-02-11
2026-02-18,Ghislaine Maxwell: Filthy Rich,2022,https://boxd.it/dbvl6z,2,,,2026-02-13
2026-02-18,People We Meet on Vacation,2026,https://boxd.it/dbvcZF,2.5,,,2026-02-18
2026-02-25,Marty Supreme,2025,https://boxd.it/dhQodz,3,,,2026-02-24
2026-03-21,Slumdog Millionaire,2008,https://boxd.it/dBo2V9,4,,,2026-03-20
2026-03-22,Bugonia,2025,https://boxd.it/dCunh1,3.5,,,2026-03-22
2026-04-24,Something Very Bad Is Going to Happen,2026,https://boxd.it/e5GGD1,4,,,2026-03-23
2026-04-01,Project Hail Mary,2026,https://boxd.it/dLNOAj,4.5,,,2026-04-01
2026-04-24,Badla,2019,https://boxd.it/e5GIvN,3,,,2026-04-01
2026-04-05,The Drama,2026,https://boxd.it/dQ9faZ,2,,,2026-04-05
2026-04-18,Enemy,2013,https://boxd.it/e10ot3,3,,,2026-04-18
2026-05-01,The Darjeeling Limited,2007,https://boxd.it/eaU5zT,4,,,2026-04-30
2026-05-01,BEEF,2023,https://boxd.it/eaU7Rl,5,,,2026-04-30
2026-05-10,The Little Rascals,1994,https://boxd.it/eiHRMn,4,,,2026-05-10
2026-05-20,Dhoom 2,2006,https://boxd.it/eqM095,4,,,2026-05-19
2026-06-27,The Voice of Hind Rajab,2025,https://boxd.it/eXMhIN,3.5,,,2026-06-27
2026-06-30,The Housemaid,2025,https://boxd.it/f0B3YR,2,,,2026-06-30
2026-07-04,Arth,1982,https://boxd.it/f4h7S5,4.5,,,2026-07-03
2026-07-07,Enola Holmes 3,2026,https://boxd.it/f7sT3N,2,,,2026-07-06
2026-07-20,The Odyssey,2026,https://boxd.it/fkQ7uL,4,,,2026-07-20
2026-08-03,The Invite,2026,https://boxd.it/fBgO5Z,3.5,,,2026-07-21
2026-08-03,Morvern Callar,2002,https://boxd.it/fBgTVV,3,,,2026-08-02
2026-08-13,Spider-Man: Brand New Day,2026,https://boxd.it/fNp3S7,3,,,2026-08-05
2026-08-13,Passengers,2016,https://boxd.it/fNovwV,2,,,2026-08-10
2026-08-13,Primal Fear,1996,https://boxd.it/fNs8qj,4,,,2026-08-12
2026-08-17,The Core,2003,https://boxd.it/fRK4lV,1,,,2026-08-16
2026-08-17,Cocktail 2,2026,https://boxd.it/fS7ltj,0.5,,,2026-08-17
2026-08-17,Wake Up Dead Man,2025,https://boxd.it/fS7V03,3,,,2026-08-17
2026-08-21,Dev.D,2009,https://boxd.it/fVUHZV,3,,,2026-08-19
2026-08-22,The Truman Show,1998,https://boxd.it/fX1ajZ,4,,,2026-08-21
2026-08-24,Mickey 17,2025,https://boxd.it/fZ7mgj,5,,,2026-08-23
2026-09-10,Backrooms,2026,https://boxd.it/ggAgtd,2,,,2026-09-09
2026-09-12,Charulata,1964,https://boxd.it/gifWoF,4,,,2026-09-12
